name,popularity,albumName,artistNames,spotifyUri,timePlayed
"Down Bad (feat. JID, Bas, J. Cole, EARTHGANG & Young Nudy)",71,Revenge Of The Dreamers III,Dreamville,spotify:track:36J0iaPDGbYGsHvYpaYs3k,2022-02-07T13:31:00.410Z
Potato Salad,75,Potato Salad,"Tyler, The Creator",spotify:track:1jzIJcHCXneHw7ojC6LXiF,2022-02-07T13:34:03.710Z
untitled 08 | 09.06.2014.,61,untitled unmastered.,Kendrick Lamar,spotify:track:5bBUDJUfGcG7eFy3Bf4fXv,2022-02-07T13:39:12.890Z
Love & Alcohol,26,Killer Dreams,Together Pangea,spotify:track:5id75Z0W9zgCpzDtAmh4EL,2022-02-07T13:42:34.512Z
La Platja,30,Les Ratlles Del Banyador,La iaia,spotify:track:3CEPkrkHdrX9Yv6AQmoQiU,2022-02-07T14:25:12.323Z
Fetch The Bolt Cutters,51,Fetch The Bolt Cutters,Fiona Apple,spotify:track:4SdubskbLiOkpsIjRVVsya,2022-02-08T19:21:09.250Z
anything,62,songs,Adrianne Lenker,spotify:track:4PwWESSlTwzvw9B7bmtTLS,2022-02-08T19:24:30.509Z
These Days,71,Chelsea Girl,Nico,spotify:track:3uCkIqD0VzQUijbs8WIizs,2022-02-08T19:28:01.929Z
Oom Sha La La,59,I Need to Start a Garden,Haley Heynderickx,spotify:track:28kOpVf1aCgL0LSFfuKV4w,2022-02-08T19:30:59.564Z
Pressure To Party,55,Crushing,Julia Jacklin,spotify:track:5Wyy2JHaM8cKEN6YDC6C8O,2022-02-08T19:34:02.540Z
Do You Think We’ll Last Forever?,61,Superstar,Caroline Rose,spotify:track:2AID9aFUUt0M76951vXasG,2022-02-08T19:38:18.187Z
Whole New Mess,40,Whole New Mess,Angel Olsen,spotify:track:7G2qiNMmclEQvBI5QiVKvs,2022-02-08T19:42:01.032Z
Simulation Swarm,64,Simulation Swarm,Big Thief,spotify:track:0kVBi81VO9ewtpOlSvRLOV,2022-02-08T19:48:12.454Z
No Reason,52,Simulation Swarm,Big Thief,spotify:track:6Hxz44MbX1M5Rqx2m14cOr,2022-02-08T19:51:59.130Z
Spud Infinity,51,Simulation Swarm,Big Thief,spotify:track:09N80UTcADKcQfWQdUtNsl,2022-02-08T19:57:33.707Z
Time Escaping,49,Simulation Swarm,Big Thief,spotify:track:0smJDhuEk2cwnBaWAwcLB1,2022-02-08T20:01:22.397Z
Change,49,Simulation Swarm,Big Thief,spotify:track:1bcYmuBRdxfebRILmVfVUN,2022-02-08T20:06:18.383Z
Certainty,48,Simulation Swarm,Big Thief,spotify:track:3KTWe008i196mJTpRGfcQR,2022-02-08T20:09:25.255Z
Little Things,48,Simulation Swarm,Big Thief,spotify:track:0CDraWP694ADGOoNx4jfcS,2022-02-08T21:30:01.538Z
Who Really Needs Who,21,CORRESPONDENCE,Jens Lekman,spotify:track:2kqxMIUKJ5alrHrIQEwM97,2022-02-09T00:40:54.033Z
A New England,41,Life's a Riot with Spy vs. Spy (30th Anniversary Edition),Billy Bragg,spotify:track:0tLuGOBe8BjapO9GcX9WXb,2022-02-09T09:02:30.010Z
The Man in the Iron Mask,20,Life's a Riot with Spy vs. Spy (30th Anniversary Edition),Billy Bragg,spotify:track:4QHAWuIQbLRFglqkCYlrPX,2022-02-09T09:04:44.005Z
A New England,41,Life's a Riot with Spy vs. Spy (30th Anniversary Edition),Billy Bragg,spotify:track:0tLuGOBe8BjapO9GcX9WXb,2022-02-09T09:07:18.653Z
The Man in the Iron Mask,20,Life's a Riot with Spy vs. Spy (30th Anniversary Edition),Billy Bragg,spotify:track:4QHAWuIQbLRFglqkCYlrPX,2022-02-09T09:09:33.041Z
A New England,41,Life's a Riot with Spy vs. Spy (30th Anniversary Edition),Billy Bragg,spotify:track:0tLuGOBe8BjapO9GcX9WXb,2022-02-09T09:12:54.695Z
The Man in the Iron Mask,20,Life's a Riot with Spy vs. Spy (30th Anniversary Edition),Billy Bragg,spotify:track:4QHAWuIQbLRFglqkCYlrPX,2022-02-09T09:15:09.051Z
The Busy Girl Buys Beauty,18,Life's a Riot with Spy vs. Spy (30th Anniversary Edition),Billy Bragg,spotify:track:1jhR0vhPNVj3TlhLUAO9oB,2022-02-09T09:17:08.214Z
Lovers Town Revisited,18,Life's a Riot with Spy vs. Spy (30th Anniversary Edition),Billy Bragg,spotify:track:3VtKBUOebzW57czX5035GC,2022-02-09T09:18:26.299Z
By The Ports Of Europe,29,I Tell A Fly,Benjamin Clementine,spotify:track:411Qs2xke6fy5vk9432eQU,2022-02-09T09:22:07.152Z
"Mama, You Been on My Mind - Studio Outtake - 1993",57,Grace (Legacy Edition),Jeff Buckley,spotify:track:4yg2qSpnVAbQLPjCJTWwtY,2022-02-09T09:25:33.824Z
Occapella,44,Discover America,Van Dyke Parks,spotify:track:2ROwSkH2C01lxAOjq0LasX,2022-02-09T09:28:15.637Z
Not - Edit,31,Not,Big Thief,spotify:track:0QlULHJrr9u2AunNm1mmzi,2022-02-09T09:32:36.217Z
Fetch The Bolt Cutters,51,Fetch The Bolt Cutters,Fiona Apple,spotify:track:4SdubskbLiOkpsIjRVVsya,2022-02-09T09:43:31.115Z
Under The Table,55,Fetch The Bolt Cutters,Fiona Apple,spotify:track:12WhIX6MvI93bS3wPSStSY,2022-02-09T09:46:53.224Z
Relay,47,Fetch The Bolt Cutters,Fiona Apple,spotify:track:5hnOzmFuGltDDAm008jFDh,2022-02-09T09:51:42.219Z
Rack of His,47,Fetch The Bolt Cutters,Fiona Apple,spotify:track:17QLp5uadHptxnmq9clK8U,2022-02-09T09:55:24.126Z
Newspaper,45,Fetch The Bolt Cutters,Fiona Apple,spotify:track:1YsWyCYqpA8uZaR9SfYAnY,2022-02-09T10:00:56.315Z
Ladies,50,Fetch The Bolt Cutters,Fiona Apple,spotify:track:0jH0IsCBGackT3RmHBbSUI,2022-02-09T10:06:22.241Z
Heavy Balloon,46,Fetch The Bolt Cutters,Fiona Apple,spotify:track:2OQpQTRogZ1AhnUHJiT9Nb,2022-02-09T10:09:48.175Z
Cosmonauts,49,Fetch The Bolt Cutters,Fiona Apple,spotify:track:7eGoc6UmwiRAVnilTZajNC,2022-02-09T10:13:48.176Z
For Her,48,Fetch The Bolt Cutters,Fiona Apple,spotify:track:5BBWr1LUsCH1tECJLAUGnP,2022-02-09T10:16:31.618Z
Drumset,44,Fetch The Bolt Cutters,Fiona Apple,spotify:track:4baGw8dAfqNl7RrmlMtzb5,2022-02-09T10:19:12.171Z
On I Go,42,Fetch The Bolt Cutters,Fiona Apple,spotify:track:6VU4Ys4rbbbwJ84g1ZuYA5,2022-02-09T10:22:21.020Z
Paper Bag,63,When The Pawn...,Fiona Apple,spotify:track:0IVkP59yJ9GFF6B7IrvrxA,2022-02-09T10:26:01.072Z
zombie girl,56,songs,Adrianne Lenker,spotify:track:3v2OxIsGWJXWfLuRkB59Q6,2022-02-09T10:28:45.406Z
Fetch The Bolt Cutters,51,Fetch The Bolt Cutters,Fiona Apple,spotify:track:4SdubskbLiOkpsIjRVVsya,2022-02-09T11:27:44.451Z
Under The Table,55,Fetch The Bolt Cutters,Fiona Apple,spotify:track:12WhIX6MvI93bS3wPSStSY,2022-02-09T11:31:06.381Z
Relay,47,Fetch The Bolt Cutters,Fiona Apple,spotify:track:5hnOzmFuGltDDAm008jFDh,2022-02-09T11:35:55.081Z
Rack of His,47,Fetch The Bolt Cutters,Fiona Apple,spotify:track:17QLp5uadHptxnmq9clK8U,2022-02-09T11:39:38.386Z
Newspaper,45,Fetch The Bolt Cutters,Fiona Apple,spotify:track:1YsWyCYqpA8uZaR9SfYAnY,2022-02-09T11:45:09.959Z
Sailin' On,51,Bad Brains,Bad Brains,spotify:track:4P8n1pWj2xQnaBjy1rvZ3o,2022-02-09T11:48:36.760Z
Don't Need It,42,Bad Brains,Bad Brains,spotify:track:0TrGNlBKj3oFBpUPurIhBU,2022-02-09T11:49:44.328Z
Attitude,45,Bad Brains,Bad Brains,spotify:track:24DaDLmSzMMmiQIwaU2BxA,2022-02-09T11:51:04.413Z
The Regulator,41,Bad Brains,Bad Brains,spotify:track:0HX8txPQI5ni5gZ13JceRX,2022-02-09T11:52:11.889Z
Banned in D.C.,56,Bad Brains,Bad Brains,spotify:track:0YnP5BtP6lTwQV8gLOzaov,2022-02-09T11:54:24.724Z
Jah Calling,39,Bad Brains,Bad Brains,spotify:track:3JVK9FqWJF1Wk22EMUTeIU,2022-02-09T11:56:56.494Z
Supertouch/Shitfit,42,Bad Brains,Bad Brains,spotify:track:1Ad3HUXowm6ZuiI0RffX3u,2022-02-09T11:59:26.864Z
Leaving Babylon,39,Bad Brains,Bad Brains,spotify:track:4KzYRLRdiqrbceTxFtHygg,2022-02-09T12:03:37.483Z
F.V.K. (Fearless Vampire Killers),37,Bad Brains,Bad Brains,spotify:track:2Jkk7UunDLmtxSeHTgar4Z,2022-02-09T12:04:45.504Z
I,36,Bad Brains,Bad Brains,spotify:track:6LmvV0mpE2HfoUJ1t6cBph,2022-02-09T12:06:50.649Z
Big Take Over,44,Bad Brains,Bad Brains,spotify:track:2z83t0gfxu3Dnb0XUDBR3B,2022-02-09T12:09:47.376Z
A New England,41,Life's a Riot with Spy vs. Spy (30th Anniversary Edition),Billy Bragg,spotify:track:0tLuGOBe8BjapO9GcX9WXb,2022-02-09T12:12:06.613Z
The Man in the Iron Mask,20,Life's a Riot with Spy vs. Spy (30th Anniversary Edition),Billy Bragg,spotify:track:4QHAWuIQbLRFglqkCYlrPX,2022-02-09T12:14:21.009Z
The Busy Girl Buys Beauty,18,Life's a Riot with Spy vs. Spy (30th Anniversary Edition),Billy Bragg,spotify:track:1jhR0vhPNVj3TlhLUAO9oB,2022-02-09T12:16:20.267Z
Lovers Town Revisited,18,Life's a Riot with Spy vs. Spy (30th Anniversary Edition),Billy Bragg,spotify:track:3VtKBUOebzW57czX5035GC,2022-02-09T12:17:40.787Z
Going to Georgia,51,Zopilote Machine,The Mountain Goats,spotify:track:1ey9ub4AISvEmjM7tkoBh0,2022-02-09T12:20:08.794Z
Come Pick Me Up,55,Heartbreaker,Ryan Adams,spotify:track:0lngUitwRDbvZ5yVO76dVN,2022-02-09T12:25:27.054Z
Some Things Last a Long Time,49,1990,Daniel Johnston,spotify:track:0vzWUTqv0hDXJsH2fUrNlJ,2022-02-09T12:30:22.588Z
Back When I Was 4,38,It's the Ones Who've Cracked That the Light Shines Through,Jeffrey Lewis,spotify:track:0S4d4vdLZHId4ct2fgk0JR,2022-02-09T12:35:05.764Z
Chelsea Hotel #2,54,New Skin For The Old Ceremony,Leonard Cohen,spotify:track:4krhCfJg0znykZoyjeMXRe,2022-02-09T12:38:12.381Z
People Ii: The Reckoning,52,People Who Can Eat People are the Luckiest People in the World,AJJ,spotify:track:35ycG8vBnHjAfw1Q5WDl76,2022-02-09T12:42:22.012Z
No More Tears,40,People Who Can Eat People are the Luckiest People in the World,AJJ,spotify:track:2wqhEDKlvFLq4dzZOq4qSL,2022-02-09T12:43:24.368Z
Dogs,33,Benji,Sun Kil Moon,spotify:track:6RyR4xttpI4XWjAygWbrGx,2022-02-09T12:49:01.978Z
Please Be Patient with Me,36,Sky Blue Sky,Wilco,spotify:track:6KjhpY9ylfLNEJx6RB7xJC,2022-02-09T12:52:19.397Z
